{"namedChunkGroups":{"polyfill":{"name":"polyfill","assets":[{"name":"webpack-runtime-b26f52e713d9b134ef67.js","size":3825},{"name":"polyfill-fd5502421d629d1c910a.js","size":82637}],"filteredAssets":0,"assetsSize":86462,"filteredAuxiliaryAssets":2,"auxiliaryAssetsSize":216993},"app":{"name":"app","assets":[{"name":"webpack-runtime-b26f52e713d9b134ef67.js","size":3825},{"name":"framework-8b24b23df82767584e71.js","size":129738},{"name":"app-6cff0df2af4533fea81e.js","size":92376}],"filteredAssets":0,"assetsSize":225939,"filteredAuxiliaryAssets":3,"auxiliaryAssetsSize":780525},"component---src-pages-404-js":{"name":"component---src-pages-404-js","assets":[{"name":"component---src-pages-404-js-32a4fe0c8148ed14bb54.js","size":763}],"filteredAssets":0,"assetsSize":763,"filteredAuxiliaryAssets":1,"auxiliaryAssetsSize":1990},"component---src-pages-index-js":{"name":"component---src-pages-index-js","assets":[{"name":"component---src-pages-index-js-c35f5147e8c3db539135.js","size":1524}],"filteredAssets":0,"assetsSize":1524,"filteredAuxiliaryAssets":1,"auxiliaryAssetsSize":3009}},"assetsByChunkName":{"polyfill":["webpack-runtime-b26f52e713d9b134ef67.js","polyfill-fd5502421d629d1c910a.js"],"app":["webpack-runtime-b26f52e713d9b134ef67.js","framework-8b24b23df82767584e71.js","app-6cff0df2af4533fea81e.js"],"component---src-pages-404-js":["component---src-pages-404-js-32a4fe0c8148ed14bb54.js"],"component---src-pages-index-js":["component---src-pages-index-js-c35f5147e8c3db539135.js"]},"childAssetsByChunkName":{}}